{"no_of_atoms": 168, "pore_volume_opt": 82.31154385154417, "maximum_diameter": {"atom_2": 54, "diameter": 22.179369990077188, "atom_1": 12}, "pore_diameter": {"atom": 29, "diameter": 5.397020177310022}, "windows": {"diameters": [3.6377874601388167, 3.6356210328430296, 3.628965122399882, 3.637072370444723], "centre_of_mass": [[10.77105704516109, 10.770977067030907, 14.028939562935404], [14.015448457684588, 14.015412600374392, 14.015398449539077], [13.929655242102346, 10.87029766244962, 10.870341633949108], [10.775422358465416, 14.024532168906696, 10.775466335429106]]}, "pore_volume": 82.31154385154417, "pore_diameter_opt": {"diameter": 5.397020177310022, "centre_of_mass": [12.400000000000011, 12.399999999999991, 12.399999999999991], "atom_1": 29}, "centre_of_mass": [12.400000000000011, 12.399999999999991, 12.399999999999991]}