{"no_of_atoms": 108, "centre_of_mass": [9.787113454516275, 4.890730701015212, 10.425425894827656], "maximum_diameter": {"diameter": 14.779624994419478, "atom_1": 32, "atom_2": 84}, "average_diameter": 12.323749433141906, "pore_diameter": {"diameter": 4.836534518513524, "atom": 106}, "pore_volume": 59.23815140453364, "pore_diameter_opt": {"diameter": 4.952487834793544, "atom_1": 106, "centre_of_mass": [9.787114097241298, 4.871122574288758, 10.479986084516192]}, "pore_volume_opt": 63.60172205101789, "windows": {"diameters": [3.729378627875529, 3.3414733020564817], "centre_of_mass": [[9.503769318804657, 7.154206889978699, 12.841359943773972], [9.256978740166481, 2.722868105565784, 8.139226513284473]]}}