{"no_of_atoms": 108, "pore_volume_opt": 63.601721675049134, "maximum_diameter": {"atom_2": 84, "diameter": 14.779624994419478, "atom_1": 32}, "pore_diameter": {"atom": 106, "diameter": 4.836534518513519}, "windows": {"diameters": [3.7293798764280375, 3.3414602124100075], "centre_of_mass": [[9.503770258161287, 7.154206400691403, 12.841360451833951], [9.257034333729221, 2.722868276435734, 8.139230951453385]]}, "pore_volume": 59.23815140453344, "pore_diameter_opt": {"diameter": 4.952487825035, "centre_of_mass": [9.787115148186388, 4.871121051533088, 10.47998553439627], "atom_1": 105}, "centre_of_mass": [9.787113454516275, 4.890730701015212, 10.425425894827656]}