{"0": {"0": {"no_of_atoms": 168, "centre_of_mass": [-4.988067984460482e-06, 1.338596642174882e-06, 1.507216871132898e-06], "maximum_diameter": {"diameter": 23.117062082500972, "atom_1": 26, "atom_2": 68}, "average_diameter": 13.998596376390744, "pore_diameter": {"diameter": 4.8526945298315916, "atom": 29}, "pore_volume": 59.8339238237468, "pore_diameter_opt": {"diameter": 5.184978538138742, "atom_1": 44, "centre_of_mass": [-0.019522144151395932, -0.3194832919805023, -0.06068046386699203]}, "pore_volume_opt": 72.98599139077056, "windows": {"diameters": [3.8105862185743873, 3.6047328256270847, 3.5657868346921684, 3.696031488461785], "centre_of_mass": [[-1.2630428927339012, -1.7362057897995915, 2.046291480954032], [2.2050163758840067, 1.5710345928851521, 1.3154680263308691], [-2.1720288348769112, 1.838976574465399, -1.4104966174111782], [0.8744391610404488, -1.7536993664751601, -1.9149262675252403]]}}}, "1": {"0": {"no_of_atoms": 168, "centre_of_mass": [2.217050185482811e-07, 2.6632824718785646e-06, 3.7336203929080726e-07], "maximum_diameter": {"diameter": 23.139698556276997, "atom_1": 40, "atom_2": 82}, "average_diameter": 14.297101352137808, "pore_diameter": {"diameter": 5.362656455435637, "atom": 85}, "pore_volume": 80.74925981018141, "pore_diameter_opt": {"diameter": 5.515804545852067, "atom_1": 113, "centre_of_mass": [-0.0816299543228406, 0.10163504334670663, 0.04429766759752682]}, "pore_volume_opt": 87.86688444095117, "windows": {"diameters": [3.944157034679226, 4.047823890234259, 3.9325303791226154, 3.9454493004625184], "centre_of_mass": [[-1.3708584870976965, -1.4107207346164208, 1.9409360773345539], [1.8870393126977967, 1.2482331040035812, 1.1916659985242815], [-1.8787588181733685, 1.7194930179778358, -1.2965975616546883], [1.21094298803149, -1.856861225404591, -2.0167688708098637]]}}}, "2": {"0": {"no_of_atoms": 168, "centre_of_mass": [2.692254829545962e-06, -1.1352478818359196e-06, 3.203920547651806e-06], "maximum_diameter": {"diameter": 22.94535632330445, "atom_1": 26, "atom_2": 68}, "average_diameter": 14.156532996609652, "pore_diameter": {"diameter": 5.170487920856166, "atom": 113}, "pore_volume": 72.3757714602455, "pore_diameter_opt": {"diameter": 5.444111187190574, "atom_1": 113, "centre_of_mass": [0.17459657262664546, -0.11846932290556451, 0.03854102238564844]}, "pore_volume_opt": 84.48499475885339, "windows": {"diameters": [3.8654162907871137, 3.8185342690921886, 3.96163084929383, 3.927341817670832], "centre_of_mass": [[-1.191618002175035, -1.4838195482975307, 2.053295466566732], [2.1197277295288126, 1.4497031809611316, 1.1219633215424598], [-2.038354036378148, 2.0391946287842733, -1.3661669491217012], [1.2099756731177964, -1.9635640183757046, -1.9701946885202046]]}}}, "3": {"0": {"no_of_atoms": 168, "centre_of_mass": [1.6925018878464731e-06, -5.1693546943636086e-06, 4.131104883058694e-06], "maximum_diameter": {"diameter": 22.962842695023703, "atom_1": 54, "atom_2": 96}, "average_diameter": 14.299719430881673, "pore_diameter": {"diameter": 5.4483045229516165, "atom": 57}, "pore_volume": 84.68036929535813, "pore_diameter_opt": {"diameter": 5.6612808561328745, "atom_1": 113, "centre_of_mass": [0.05254045911295884, -0.07567590063853476, -0.05534865161731067]}, "pore_volume_opt": 95.00418235977885, "windows": {"diameters": [3.947661727788652, 4.039597903814396, 3.8787411398442724, 4.052614488503682], "centre_of_mass": [[-1.4383872872922443, -1.5108717444103814, 1.9925624546816474], [2.128828828902818, 1.5838379315645787, 1.0829800662172269], [-1.949120607111786, 1.7844501367772072, -1.4890438064572329], [1.2197768254717252, -1.9284585440903474, -1.8932581763704115]]}}}, "4": {"0": {"no_of_atoms": 168, "centre_of_mass": [8.84804053085356e-07, 5.967952697416072e-07, -6.86435929363211e-06], "maximum_diameter": {"diameter": 22.9154559341361, "atom_1": 26, "atom_2": 68}, "average_diameter": 14.138601176617579, "pore_diameter": {"diameter": 5.202142823665611, "atom": 100}, "pore_volume": 73.71322915531522, "pore_diameter_opt": {"diameter": 5.430043316451435, "atom_1": 100, "centre_of_mass": [-0.041213301189898084, -0.08358534152585885, 0.06583615988110013]}, "pore_volume_opt": 83.83174464240855, "windows": {"diameters": [3.8507663845831126, 3.754586373989618, 3.830529115421218, 3.8686575047398626], "centre_of_mass": [[-1.4076862162578663, -1.4481235291924808, 1.9999882263905484], [1.9782872652945203, 1.4681296960430334, 1.228881531789768], [-1.9934736922206782, 1.630055194928353, -1.3159543863433547], [1.511590557091028, -2.471120104813427, -2.3317206754938002]]}}}, "5": {"0": {"no_of_atoms": 168, "centre_of_mass": [-1.2730486746850782e-06, -6.286799315790568e-07, 1.4669452229905244e-06], "maximum_diameter": {"diameter": 22.926776124740442, "atom_1": 54, "atom_2": 96}, "average_diameter": 13.871539668767632, "pore_diameter": {"diameter": 4.862729968950589, "atom": 99}, "pore_volume": 60.20590416024144, "pore_diameter_opt": {"diameter": 5.005235778196875, "atom_1": 141, "centre_of_mass": [-0.030049623914922927, -0.03621833990189132, 0.06272654046727277]}, "pore_volume_opt": 65.6556708580594, "windows": {"diameters": [3.451746277956198, 3.3300086754457996, 3.5087374253415136, 3.7181409953674227], "centre_of_mass": [[-1.2910426254886036, -1.4598022790956595, 1.9862728780381267], [1.8970046200933235, 1.387784633302149, 1.0913593116434142], [-1.9042516348722927, 1.6810691436570564, -1.4440830534196984], [1.3763894597297837, -1.9307696973126989, -1.8089507568818044]]}}}, "6": {"0": {"no_of_atoms": 168, "centre_of_mass": [3.215718697404249e-07, 3.1909141402418613e-09, 2.3241552041999475e-06], "maximum_diameter": {"diameter": 23.083180363305964, "atom_1": 54, "atom_2": 96}, "average_diameter": 13.714983206805421, "pore_diameter": {"diameter": 4.4562534579165405, "atom": 15}, "pore_volume": 46.33490478321799, "pore_diameter_opt": {"diameter": 4.737487119752826, "atom_1": 43, "centre_of_mass": [-0.08660166060066213, 0.07993335744967808, -0.11611474169925907]}, "pore_volume_opt": 55.6727595904032, "windows": {"diameters": [3.491986255937612, 3.586183573817436, 3.245658138427474, 3.2992215091668977], "centre_of_mass": [[-1.20547718334082, -1.1281588388669948, 1.7410267221964137], [1.7800310567850235, 1.7650934015853297, 0.9145145751135603], [-1.8243017226603273, 1.6727416027015005, -1.3620486290128142], [1.3421588424401647, -1.9180995384023858, -2.1006461946431454]]}}}, "7": {"0": {"no_of_atoms": 168, "centre_of_mass": [-3.599522883990537e-06, 7.6482889325236e-07, 2.8568759460830464e-06], "maximum_diameter": {"diameter": 23.117632335342982, "atom_1": 40, "atom_2": 82}, "average_diameter": 13.86736280249048, "pore_diameter": {"diameter": 4.6780698024268315, "atom": 100}, "pore_volume": 53.604187233245, "pore_diameter_opt": {"diameter": 4.9350188409729, "atom_1": 16, "centre_of_mass": [0.04773316888419717, -0.056841895954012685, 0.16801841175411827]}, "pore_volume_opt": 62.931062971937926, "windows": {"diameters": [3.609432816165325, 3.620970320560416, 3.456478678498351, 3.4930805458568304], "centre_of_mass": [[-1.0769806572064649, -1.2448575083173279, 1.8757335055246518], [1.7375226077559989, 1.4966749003159814, 1.2583289137946354], [-2.0495064005246704, 1.8122355677626327, -1.2415334326001648], [1.0953451824452916, -1.778112896729398, -1.7068642315658373]]}}}, "8": {"0": {"no_of_atoms": 168, "centre_of_mass": [7.271759241410736e-07, 2.891797041166728e-06, -8.242452585209289e-07], "maximum_diameter": {"diameter": 23.072130796919687, "atom_1": 12, "atom_2": 96}, "average_diameter": 14.114191252140078, "pore_diameter": {"diameter": 4.71149389482502, "atom": 58}, "pore_volume": 54.76139720740438, "pore_diameter_opt": {"diameter": 5.020487618964831, "atom_1": 142, "centre_of_mass": [-0.00018699478646070538, -0.12208304112447295, -0.13382199437184814]}, "pore_volume_opt": 66.25769501798464, "windows": {"diameters": [3.772520819435855, 3.6622878728079447, 3.8227614419750133, 4.581165896238945],