{"no_of_atoms": 138, "pore_volume_opt": 377.05807616806027, "maximum_diameter": {"atom_2": 57, "diameter": 18.58643722489347, "atom_1": 43}, "pore_diameter": {"atom": 17, "diameter": 8.74652836056739}, "windows": {"diameters": [6.503649796366982, 7.903902120496728, 7.26955977472595], "centre_of_mass": [[11.837723734266218, 11.26384234123672, 22.413044032999377], [6.144650384363476, 15.403810284519306, 19.516430704241774], [6.803952235466356, 6.737881799595322, 17.721546532330635]]}, "pore_volume": 350.35292555652876, "pore_diameter_opt": {"diameter": 8.963340092632194, "centre_of_mass": [8.328168626673436, 11.520581646988415, 19.62167738318879], "atom_1": 77}, "centre_of_mass": [8.540826788958729, 11.352692855450108, 19.78924210236271]}