{"no_of_atoms": 138, "centre_of_mass": [8.540826788958729, 11.352692855450108, 19.78924210236271], "maximum_diameter": {"diameter": 18.586437224893466, "atom_1": 43, "atom_2": 57}, "average_diameter": 16.65433095190861, "pore_diameter": {"diameter": 8.74652836056741, "atom": 17}, "pore_volume": 350.3529255565311, "pore_diameter_opt": {"diameter": 8.968163467457108, "atom_1": 17, "centre_of_mass": [8.327954405050782, 11.516838981306792, 19.62553580196928]}, "pore_volume_opt": 377.6671140718386, "windows": {"diameters": [6.503625581712631, 7.903903053860224, 7.269529261128515], "centre_of_mass": [[11.837704160528485, 11.263832303640882, 22.413063824186715], [6.144672078841602, 15.403824166173006, 19.51634845416428], [6.804000317587003, 6.737892060011723, 17.721488259070263]]}}