{"no_of_atoms": 168, "centre_of_mass": [12.400000000000011, 12.399999999999991, 12.399999999999991], "maximum_diameter": {"diameter": 22.179369990077188, "atom_1": 12, "atom_2": 54}, "average_diameter": 13.83201751425547, "pore_diameter": {"diameter": 5.397020177310022, "atom": 29}, "pore_volume": 82.31154385154417, "pore_diameter_opt": {"diameter": 5.397020177310022, "atom_1": 29, "centre_of_mass": [12.400000000000011, 12.399999999999991, 12.399999999999991]}, "pore_volume_opt": 82.31154385154417, "windows": {"diameters": [3.637787460138805, 3.6356210328430296, 3.628965122470937, 3.6370723704447188], "centre_of_mass": [[10.771057045161115, 10.77097706703093, 14.028939562935376], [14.015448457686624, 14.015412600376724, 14.015398449541088], [13.92965526405877, 10.870297640397817, 10.87034161195557], [10.775422358465452, 14.024532168906662, 10.775466335429137]]}}