{"no_of_atoms": 468, "centre_of_mass": [12.89128644478164, 12.891286444781656, 2.4715028056260123e-16], "maximum_diameter": {"diameter": 33.95768942198284, "atom_1": 75, "atom_2": 192}, "average_diameter": 25.261360227143175, "pore_diameter": {"diameter": 13.75621248753813, "atom": 280}, "pore_volume": 1362.9980958535034, "pore_diameter_opt": {"diameter": 13.756736471163858, "atom_1": 397, "centre_of_mass": [12.8908996609258, 12.8912451656843, 5.005953844633147e-06]}, "pore_volume_opt": 1363.153854400209, "windows": {"diameters": [9.059470342648424, 9.172486744304091, 9.175070832070805, 9.165466263575262, 9.192205204976158, 9.05410173354716], "centre_of_mass": [[13.000734774940222, 12.76534416163222, 6.394256940923883], [18.14169824410889, 16.36587283184803, 0.13593832461563116], [16.38477401854454, 7.613036390472238, -0.13629682245941818], [7.7575730112519, 9.493888821299972, 0.13395726649019218], [9.3107303435778, 18.299081430474423, -0.13827555256386212], [13.014077179828343, 12.997654723681705, -6.30127025259012]]}}