{"no_of_atoms": 468, "pore_volume_opt": 1363.155116577926, "maximum_diameter": {"atom_2": 192, "diameter": 33.95768942198284, "atom_1": 75}, "pore_diameter": {"atom": 280, "diameter": 13.756212487538123}, "windows": {"diameters": [9.059463322810274, 9.172484579741894, 9.175074929496976, 9.165464524531842, 9.19218970618229, 9.053909272531598], "centre_of_mass": [[13.000758706728737, 12.765326582231067, 6.394257904369583], [18.141614396577328, 16.365992919392205, 0.13591968902257653], [16.38473116171392, 7.613006969625919, -0.13630532453076724], [7.757621909982867, 9.493818372624366, 0.13394667986298187], [9.309964075981803, 18.298582218223736, -0.13816556921842477], [13.014139562884855, 12.997842516629749, -6.301264265988608]]}, "pore_volume": 1362.9980958535011, "pore_diameter_opt": {"diameter": 13.756740717062886, "centre_of_mass": [12.890894837422277, 12.891236747532131, -5.6843803659526855e-09], "atom_1": 397}, "centre_of_mass": [12.89128644478164, 12.891286444781656, 2.4715028056260123e-16]}