{"no_of_atoms": 60, "pore_volume_opt": 25.023835308827408, "maximum_diameter": {"atom_2": 54, "diameter": 10.495187523948891, "atom_1": 43}, "pore_diameter": {"atom": 11, "diameter": 3.6101494139251806}, "windows": {"diameters": null, "centre_of_mass": null}, "pore_volume": 24.636224433953796, "pore_diameter_opt": {"diameter": 3.6289842522285096, "centre_of_mass": [0.0033210331557579605, 0.016181832853777212, -0.0005306271290917882], "atom_1": 42}, "centre_of_mass": [-1.6666666666678065e-05, -4.929805565454587e-18, 3.333333333336106e-05]}