{"no_of_atoms": 60, "centre_of_mass": [-1.6666666666678065e-05, -4.929805565454587e-18, 3.333333333336106e-05], "maximum_diameter": {"diameter": 10.495187523948891, "atom_1": 43, "atom_2": 54}, "average_diameter": 10.016651194000373, "pore_diameter": {"diameter": 3.6101494139251806, "atom": 11}, "pore_volume": 24.636224433953796, "pore_diameter_opt": {"diameter": 3.62898584012479, "atom_1": 11, "centre_of_mass": [0.0033204795297270442, 0.01618052988404874, -0.0005297831086402274]}, "pore_volume_opt": 25.02386815708711, "windows": {"diameters": null, "centre_of_mass": null}}